"","lon","lat","id","ppt_01","ppt_02","ppt_03","ppt_04","ppt_05","ppt_06","ppt_07","ppt_08","ppt_09","ppt_10","ppt_11","ppt_12","tmean_01","tmean_02","tmean_03","tmean_04","tmean_05","tmean_06","tmean_07","tmean_08","tmean_09","tmean_10","tmean_11","tmean_12"
"3",-99,27,"lat27_lon-99_id",26.0300006866455,29.0200004577637,23.9899997711182,33.9000015258789,59.5800018310547,59.6199989318848,49.2799987792969,42.4599990844727,89.2900009155273,54.1800003051758,29.5200004577637,23.4899997711182,13.8999996185303,16.1900005340576,20.0799999237061,23.8450012207031,27.3449993133545,29.9300003051758,30.1900005340576,30.5450000762939,27.7849998474121,23.8699989318848,19.0249996185303,14.25
"6",-81,27,"lat27_lon-81_id",38.5,46.4500007629395,79.3000030517578,52.939998626709,76.8199996948242,153.509994506836,134.580001831055,154.139999389648,131.570007324219,72.5299987792969,42.4000015258789,37.439998626709,16.8649997711182,18.2399997711182,19.9850006103516,22.0200004577637,24.9249992370605,27.0499992370605,27.7800006866455,27.9599990844727,27.1599998474121,24.5349998474121,21.1399993896484,18.1499996185303
"9",-99,29,"lat29_lon-99_id",36.2799987792969,40.3800010681152,50.75,50.0800018310547,77.9199981689453,85.5100021362305,60.7999992370605,44.5099983215332,71.5100021362305,81.879997253418,41.5,32.5999984741211,11.6050004959106,13.6049995422363,17.4449996948242,21.3549995422363,25.5299987792969,28.2449989318848,29.3099994659424,29.6049995422363,26.7600002288818,22.2849998474121,16.8549995422363,12.1049995422363
"10",-97,29,"lat29_lon-97_id",65.8499984741211,58.0299987792969,68.0699996948242,65.4100036621094,115.099998474121,110.230003356934,87.7200012207031,71.6399993896484,105.23999786377,113.660003662109,84.120002746582,62.1199989318848,11.8850002288818,13.8250007629395,17.2000007629395,20.8799991607666,24.7950000762939,27.6599998474121,28.6549987792969,29.1349983215332,26.6949996948242,22.3549995422363,17.3699989318848,12.875
"17",-81,29,"lat29_lon-81_id",76.2799987792969,73.120002746582,100.860000610352,59.3499984741211,79.3399963378906,153.169998168945,147.410003662109,175.619995117188,181.770004272461,109.349998474121,71.5,71.9100036621094,14.5499992370605,16,18.3150005340576,20.8050003051758,24.125,26.6800003051758,27.6150016784668,27.5749988555908,26.6100006103516,23.4549999237061,19.5949993133545,16.0699996948242
"21",-105,31,"lat31_lon-105_id",12.4399995803833,12.7600002288818,6.55999994277954,8.61999988555908,15.1000003814697,28.1100006103516,58.6599998474121,57.8199996948242,42.0299987792969,32.5800018310547,12.6199998855591,13.3199996948242,6.20499992370605,8.48499965667725,11.9650001525879,16.1849994659424,21.1350002288818,25.310001373291,25.6399993896484,24.8649997711182,21.8150005340576,16.875,10.8050003051758,6.35500001907349
"22",-103,31,"lat31_lon-103_id",13.1199998855591,12.9799995422363,12.0699996948242,15.9700002670288,35.2799987792969,35.9000015258789,38.7000007629395,43.8499984741211,52.3400001525879,41.0900001525879,14.6400003433228,14.1099996566772,8.10999965667725,10.5050001144409,14.3150005340576,18.9200000762939,23.8250007629395,27.439998626709,28.0200004577637,27.5400009155273,24.2950000762939,19.1900005340576,13.0699996948242,8.26499938964844
"23",-101,31,"lat31_lon-101_id",21.0400009155273,34.7200012207031,36.8899993896484,32.7599983215332,63.5099983215332,67.6800003051758,41.25,59,59.8899993896484,60.6300010681152,28.5,22.6100006103516,7.29999971389771,9.34500026702881,13.3000001907349,17.8299999237061,22.4600009918213,25.7399997711182,26.9400005340576,26.7950000762939,23.4200000762939,18.2550010681152,12.4250001907349,7.54999971389771
"24",-99,31,"lat31_lon-99_id",31.7199993133545,50.6399993896484,59.0299987792969,48.8199996948242,90.2799987792969,104.610000610352,58.9199981689453,53.1300010681152,71.3000030517578,68.9000015258789,48.6599998474121,42.7599983215332,8.26499938964844,10.3199996948242,14.1399993896484,18.4750003814697,22.8349990844727,26.0349998474121,27.6949996948242,27.8849983215332,24.3600006103516,19.3299999237061,13.5799999237061,8.56999969482422
"25",-97,31,"lat31_lon-97_id",59.060001373291,64.5999984741211,73.2699966430664,59.7900009155273,108.800003051758,92.5800018310547,43.9300003051758,55.4099998474121,72.0899963378906,100.779998779297,84.1800003051758,76.9400024414062,9.43000030517578,11.4450006484985,15.2150001525879,19.3950004577637,23.6450004577637,26.8349990844727,28.6349983215332,28.9150009155273,25.7350006103516,20.6350002288818,15.0999994277954,10.1500005722046
"26",-95,31,"lat31_lon-95_id",110.419998168945,98.9700012207031,98.7300033569336,82.3899993896484,117.709999084473,143.460006713867,85.870002746582,88.0999984741211,101.040000915527,127.25,129.830001831055,124.839996337891,9.28499984741211,11.2250003814697,15.0050001144409,18.9099998474121,23.25,26.6000003814697,28.1399993896484,28.2350006103516,25.2000007629395,19.9349994659424,14.664999961853,9.97500038146973
"27",-93,31,"lat31_lon-93_id",137.759994506836,126.519996643066,116.059997558594,106.370002746582,124.959999084473,143.720001220703,118.050003051758,102.949996948242,115.169998168945,136.130004882812,149.539993286133,157.889999389648,9.13500022888184,11.0650005340576,14.8250007629395,18.7950000762939,23.1300010681152,26.3500003814697,27.7950000762939,27.7200012207031,25.0100002288818,19.5400009155273,14.4650001525879,10.1449995040894
"28",-91,31,"lat31_lon-91_id",162.490005493164,153.529998779297,142.839996337891,120.150001525879,119.25,149.699996948242,133.419998168945,130.139999389648,115.209999084473,125.150001525879,114.379997253418,144.570007324219,9.38000011444092,11.3400001525879,15.0100002288818,18.6550006866455,22.7849998474121,26,27.2299995422363,27.1599998474121,24.6049995422363,19.4099998474121,14.5699996948242,10.2849998474121
"29",-89,31,"lat31_lon-89_id",148.470001220703,142.320007324219,147.029998779297,120.26000213623,116.029998779297,140.789993286133,152.990005493164,136.520004272461,114.529998779297,92.7399978637695,119.959999084473,138.119995117188,9.1899995803833,11.0799999237061,14.8900003433228,18.5450000762939,22.8600006103516,26.0450000762939,27.2950000762939,27.2250003814697,24.7749996185303,19.4449996948242,14.3199996948242,10.2199993133545
"30",-87,31,"lat31_lon-87_id",153.910003662109,137.910003662109,160.770004272461,119.120002746582,123.690002441406,154.860000610352,169.589996337891,158.929992675781,141.639999389648,100.230003356934,131.669998168945,121.430000305176,9.41499996185303,11.3699998855591,14.9349994659424,18.3549995422363,22.7849998474121,26.185001373291,27.3850002288818,27.1150016784668,24.8150005340576,19.4899997711182,14.6149997711182,10.6400003433228
"31",-85,31,"lat31_lon-85_id",129.539993286133,120.360000610352,139.399993896484,95.4199981689453,88.2799987792969,138.309997558594,148.179992675781,130.5,109.910003662109,72.9300003051758,97.4499969482422,105.309997558594,10.2449998855591,12.3450002670288,15.8850002288818,19.3600006103516,23.9099998474121,27.1450004577637,28.2150001525879,27.9650001525879,25.6450004577637,20.6800003051758,15.6750001907349,11.4000005722046
"32",-83,31,"lat31_lon-83_id",115.639999389648,105.620002746582,129,75.5899963378906,64.1399993896484,140.100006103516,140.940002441406,152.940002441406,104.879997253418,74.2399978637695,67.2600021362305,85.9899978637695,10.164999961853,12.164999961853,15.5150003433228,18.7700004577637,23.0249996185303,26.4249992370605,27.4850006103516,27.1650009155273,24.9749984741211,20.1900005340576,15.4549999237061,11.3850002288818
"35",-117,33,"lat33_lon-117_id",68.6600036621094,87.4000015258789,79.4300003051758,30.7900009155273,7.07000017166138,2.52999997138977,1.45000004768372,2.3199999332428,6.19999980926514,17.4400005340576,33.439998626709,54.4099998474121,11.835000038147,12.1599998474121,13.1499996185303,15.125,17.3500003814697,19.7000007629395,22.7749996185303,23.5499992370605,22.0550003051758,18.9899997711182,14.6500005722046,11.5
"36",-115,33,"lat33_lon-115_id",12.3500003814697,13.0500001907349,10.3000001907349,1.86000001430511,1.10000002384186,0.159999996423721,5.05000019073486,11,6.07000017166138,7.15999984741211,4.07999992370605,13.75,13.2449998855591,15.6700000762939,18.7950000762939,22.4349994659424,27.0900001525879,31.6199989318848,34.1549987792969,34.5299987792969,31.2600002288818,24.6349983215332,17.8799991607666,12.6450004577637
"37",-113,33,"lat33_lon-113_id",16.4099998474121,14.1300001144409,8.92000007629395,7.03000020980835,0.610000014305115,0.340000003576279,25.6200008392334,31.6000003814697,10.8000001907349,8.78999996185303,8.10999965667725,17.7900009155273,12.5100002288818,14.4799995422363,17.4599990844727,21.2849998474121,26.2150001525879,30.8950004577637,33.8600006103516,33.4199981689453,30.2150001525879,23.3899993896484,16.5100002288818,11.8299999237061
"38",-111,33,"lat33_lon-111_id",58.7000007629395,61.1800003051758,48.9700012207031,15.2299995422363,11.0299997329712,5.03000020980835,56.1399993896484,94.0599975585938,40.2000007629395,33.0499992370605,37.7799987792969,51.3800010681152,9.77999973297119,11.3150005340576,13.9249992370605,17.7849998474121,22.9500007629395,27.9300003051758,29.4599990844727,28.3950004577637,26.310001373291,20.5900001525879,14.2299995422363,9.55999946594238
"39",-109,33,"lat33_lon-109_id",35.6699981689453,35.939998626709,33.2900009155273,17.0400009155273,15.8199996948242,16.0300006866455,88.2900009155273,97.9599990844727,52.6300010681152,44.2200012207031,31.2600002288818,37.939998626709,3.75999999046326,5.125,7.85500001907349,11.4449996948242,15.2849998474121,21.2700004577637,21.8050003051758,20.685001373291,17.7800006866455,13.5900001525879,8.27000045776367,3.99000000953674
"40",-107,33,"lat33_lon-107_id",11.5900001525879,10.7700004577637,9.14999961853027,6.92999982833862,12.7799997329712,17.25,50.1800003051758,61.8899993896484,35.7799987792969,24.5499992370605,17.1700000762939,22.0799999237061,4.84499979019165,7.16499996185303,10.289999961853,14.4500007629395,19.435001373291,24.25,25.9200000762939,24.7099990844727,21.4500007629395,15.6099996566772,9.27000045776367,4.54500007629395
"41",-105,33,"lat33_lon-105_id",10.5799999237061,15.4099998474121,10.2700004577637,14.9099998474121,30.7299995422363,45.689998626709,61.0900001525879,70.870002746582,66.879997253418,29.1100006103516,15.8000001907349,16.2299995422363,4.48499965667725,6.3899998664856,9.46999931335449,13.5450000762939,18.2700004577637,22.5900001525879,23.6749992370605,22.9449996948242,19.6350002288818,14.5500001907349,8.88500022888184,4.51500034332275
"42",-103,33,"lat33_lon-103_id",13.960000038147,17.8099994659424,22.8199996948242,24.5,54.9799995422363,57.9300003051758,55.9700012207031,57.6399993896484,64.9700012207031,37.0499992370605,20.1599998474121,19.9400005340576,5.0600004196167,7.2649998664856,10.9800004959106,15.5049991607666,20.6000003814697,24.7800006866455,26.0299987792969,25.3250007629395,21.7749996185303,16.3850002288818,10.0299997329712,5.27999973297119
"43",-101,33,"lat33_lon-101_id",16.9799995422363,28.6200008392334,34.25,36.8899993896484,75.3600006103516,74.7799987792969,50.9700012207031,62.7200012207031,58.2700004577637,54.6300010681152,26.5400009155273,23.7600002288818,5.78499984741211,7.89999961853027,12.0900001525879,16.8500003814697,21.7900009155273,25.75,27.6549987792969,27.2150001525879,23.1350002288818,17.625,11.4300003051758,6.1399998664856
"44",-99,33,"lat33_lon-99_id",28.5100002288818,45.3800010681152,61.7299995422363,61.7200012207031,86.7900009155273,105.519996643066,54.25,53.9599990844727,67.8099975585938,71.8600006103516,45.310001373291,35.7900009155273,6.40999984741211,8.45499992370605,13.0050001144409,17.6800003051758,22.4200000762939,26.4150009155273,28.8699989318848,28.7950000762939,24.5249996185303,18.6350002288818,12.3400001525879,7
"45",-97,33,"lat33_lon-97_id",53.6399993896484,72.6900024414062,93.9800033569336,80.0899963378906,127.839996337891,102.809997558594,60.2599983215332,49.9900016784668,71.1600036621094,108.519996643066,76.8600006103516,69.5800018310547,7.65000009536743,9.69999980926514,13.8150005340576,18.3800010681152,23.0950012207031,27.2700004577637,29.5449981689453,29.7150001525879,25.4949989318848,19.6599998474121,13.6300001144409,8.3149995803833
"46",-95,33,"lat33_lon-95_id",81.4199981689453,94.370002746582,112.580001831055,82.3099975585938,128.470001220703,103.25,88.129997253418,53.8699989318848,78,124.319999694824,112.930000305176,106.629997253418,7.25500011444092,9.09500026702881,13.3250007629395,17.4899997711182,21.9850006103516,25.9899997711182,27.9899997711182,28.0799999237061,24.3150005340576,18.4150009155273,13.1300001144409,8.10500049591064
"47",-93,33,"lat33_lon-93_id",118.440002441406,129.889999389648,129.639999389648,114.120002746582,125.599998474121,124.449996948242,93.0299987792969,70.6699981689453,90,131.009994506836,134.350006103516,140.720001220703,6.79500007629395,8.82499980926514,13.0750007629395,17.6049995422363,21.9650001525879,25.7800006866455,27.6450004577637,27.5400009155273,23.8850002288818,17.8850002288818,12.5100002288818,7.70499992370605
"48",-91,33,"lat33_lon-91_id",131.539993286133,133.460006713867,125.919998168945,134.860000610352,129.970001220703,101.400001525879,94.7200012207031,79.870002746582,84.5800018310547,121.449996948242,129.529998779297,147.220001220703,6.67500019073486,8.84999942779541,13.2700004577637,17.9049987792969,22.7249984741211,26.4850006103516,27.9799995422363,27.7000007629395,24.3250007629395,18.5100002288818,12.9300003051758,7.97499990463257
"49",-89,33,"lat33_lon-89_id",129.410003662109,142.529998779297,127.849998474121,126.190002441406,118.800003051758,100.669998168945,120.349998474121,104.870002746582,87.4499969482422,103.559997558594,121.650001525879,136.380004882812,6.57499980926514,8.72999954223633,13.0900001525879,17.0699996948242,21.5900001525879,25.4249992370605,27.0300006866455,26.7949981689453,23.5849990844727,17.6700000762939,12.5100002288818,7.82000017166138
"50",-87,33,"lat33_lon-87_id",133.960006713867,137.990005493164,132.710006713867,110.709999084473,109.040000915527,114.169998168945,125.120002746582,101.699996948242,102.620002746582,85.5299987792969,128.179992675781,122.73999786377,6.34000015258789,8.51500034332275,12.6900005340576,16.7299995422363,21.375,25.2000007629395,26.9599990844727,26.6499996185303,23.5550003051758,17.6599998474121,12.1400003433228,7.75500011444092
"51",-85,33,"lat33_lon-85_id",115.129997253418,120.019996643066,135.759994506836,100.220001220703,85.879997253418,98.3399963378906,140.850006103516,94.2799987792969,87.4000015258789,82.0100021362305,110.569999694824,110.769996643066,6.51999998092651,8.59000015258789,12.335000038147,16.2350006103516,20.814998626709,24.7299995422363,26.3649978637695,25.9500007629395,22.7799987792969,17.0750007629395,12.1700000762939,7.6399998664856
"52",-83,33,"lat33_lon-83_id",108.459999084473,106.300003051758,119.169998168945,77.4899978637695,70.8000030517578,105.930000305176,110.150001525879,114.26000213623,95.9000015258789,79.620002746582,81.1500015258789,95.7900009155273,7.46999979019165,9.47000026702881,13.2049999237061,17.2250003814697,21.7250003814697,25.6750011444092,27.3999996185303,26.875,23.7700004577637,18.2150001525879,12.9200000762939,8.73999977111816
"53",-81,33,"lat33_lon-81_id",101.290000915527,87.629997253418,101.050003051758,73.5999984741211,75.5299987792969,138.009994506836,132.139999389648,142.440002441406,98.9300003051758,80.5800018310547,70.3600006103516,82.6800003051758,8.44499969482422,10.6350002288818,14.2749996185303,17.9949989318848,22.3699989318848,25.9449996948242,27.5799999237061,26.9200019836426,23.9850006103516,18.7999992370605,13.9549999237061,9.57500076293945
"56",-119,35,"lat35_lon-119_id",37.6399993896484,41.5,41.4099998474121,22.5599994659424,12.0200004577637,1.21000003814697,1.20000004768372,1.42999994754791,3.44000005722046,15.6300001144409,20.1599998474121,34.939998626709,9,10.6800003051758,12.9649991989136,15.4349994659424,19.6549987792969,23.5200004577637,27.1300010681152,26.4249992370605,23.6199989318848,18.5750007629395,12.5649995803833,8.98000049591064
"57",-117,35,"lat35_lon-117_id",17.6900005340576,21.9599990844727,14,5.40999984741211,2.48000001907349,1.3400000333786,6.71999979019165,5.8600001335144,4.71999979019165,5.01000022888184,9.5,20.25,8.58500003814697,10.0050001144409,12.5649995803833,15.8299999237061,20.3850002288818,25.0249996185303,28.5,28.0399990081787,24.6599998474121,18.7099990844727,12.4650001525879,8.0649995803833
"58",-115,35,"lat35_lon-115_id",21.2999992370605,26.2999992370605,21.0400009155273,6.48000001907349,3.69000005722046,1.87999999523163,15.4799995422363,15.3000001907349,10.1199998855591,10.1400003433228,10.6499996185303,18.3600006103516,8.32499980926514,10.2650003433228,13.3349990844727,17.0100002288818,22.3999996185303,27.4150009155273,30.7449989318848,29.935001373291,26.1299991607666,19.5550003051758,12.710000038147,7.84000015258789
"59",-113,35,"lat35_lon-113_id",44.6500015258789,46.5299987792969,51.9000015258789,22.25,13.4200000762939,8.27999973297119,57.3600006103516,79.9700012207031,44.5400009155273,36.9099998474121,37.7700004577637,40.6500015258789,1.94999980926514,2.96500015258789,5.54500007629395,8.82499980926514,13.7250003814697,18.5650005340576,21.5100002288818,20.5050010681152,17.4200000762939,11.5949993133545,5.82500028610229,1.71499991416931
"60",-111,35,"lat35_lon-111_id",19.9699993133545,18.7399997711182,22.0900001525879,12.1700000762939,6.09000015258789,6.73999977111816,38.4000015258789,39.5699996948242,39.2400016784668,24.1599998474121,12.6300001144409,12.6300001144409,1.00999975204468,3.59500026702881,6.93499994277954,10.6499996185303,15.6099996566772,20.3649997711182,23.5349998474121,22.3649997711182,18.8050003051758,12.6450004577637,6.25,1.39999985694885
"61",-109,35,"lat35_lon-109_id",22.1200008392334,20.5900001525879,22.8099994659424,16.9200000762939,13.4499998092651,9.14999961853027,42.2299995422363,52.4799995422363,30.1800003051758,25.6200008392334,19.75,22.9799995422363,-0.134999752044678,2.15499997138977,5.30499982833862,9.25,14.1800003051758,19.1450004577637,22.2799987792969,21.2649993896484,17.4899997711182,11.1099996566772,4.53999996185303,-0.159999847412109
"62",-107,35,"lat35_lon-107_id",10.6999998092651,12.8599996566772,16.3700008392334,18.4799995422363,14.8199996948242,12.4799995422363,36.0999984741211,46.6399993896484,34.1300010681152,29.7999992370605,14.3699998855591,16.1700000762939,1.53999996185303,4.25,7.97499942779541,12.0450000762939,17.2999992370605,22.2150001525879,24.4249992370605,23.3050003051758,19.4799995422363,12.9200000762939,6.375,1.54500007629395
"63",-105,35,"lat35_lon-105_id",13.9499998092651,13.9300003051758,20,19.4699993133545,34.6500015258789,40.0699996948242,55.7999992370605,66.0100021362305,45.3800010681152,33.8499984741211,18.0300006866455,20.1499996185303,2.61499977111816,4.40499973297119,7.85999965667725,12.1099996566772,16.9949989318848,21.7649993896484,23.6649990081787,22.8250007629395,19.2350006103516,13.5200004577637,7.39000034332275,2.55999970436096
"64",-103,35,"lat35_lon-103_id",13.1400003433228,12.0500001907349,28.3700008392334,26.7399997711182,46.6199989318848,66.2200012207031,63.3499984741211,80.5299987792969,43.4000015258789,41.1399993896484,21.6100006103516,18.7800006866455,2.92000007629395,4.80500030517578,8.75,12.960000038147,17.6100006103516,23.0599994659424,24.7249984741211,23.375,20.2700004577637,13.9650001525879,7.80500030517578,2.8899998664856
"65",-101,35,"lat35_lon-101_id",17.8899993896484,20.3099994659424,39.0800018310547,40.7700004577637,80.0699996948242,95.879997253418,56.4099998474121,76.5100021362305,61.7799987792969,54.7599983215332,25.6399993896484,24.5,3.52500009536743,5.38000011444092,9.59500026702881,14.3950004577637,19.5,24.1300010681152,26.7250003814697,26.1399993896484,21.7999992370605,15.6050004959106,9.07999992370605,3.72499990463257
"66",-99,35,"lat35_lon-99_id",25.3899993896484,29.1200008392334,60.1399993896484,59.439998626709,104.76000213623,111.919998168945,62.7299995422363,72.5299987792969,75.5599975585938,80.2399978637695,39.25,32.5900001525879,3.50999999046326,5.8600001335144,10.2049999237061,15.2150001525879,20.7350006103516,25.8250007629395,28.4899997711182,28.0299987792969,23.4950008392334,16.810001373291,9.97000026702881,4.14499998092651
"67",-97,35,"lat35_lon-97_id",43.8300018310547,54,85.1500015258789,92.3499984741211,126.440002441406,120.080001831055,73.129997253418,71.0199966430664,107.629997253418,101.650001525879,64.9000015258789,59.3499984741211,4.34999990463257,6.65999984741211,11.335000038147,16.0950012207031,20.5300006866455,24.8950004577637,27.7099990844727,27.5349998474121,22.9799995422363,17.0849990844727,10.9750003814697,5.17999982833862
"68",-95,35,"lat35_lon-95_id",76.6100006103516,78.2600021362305,104.410003662109,117.040000915527,155.25,123.290000915527,92.5999984741211,72.8600006103516,116.930000305176,113.370002746582,122.839996337891,97.5899963378906,4.42999982833862,6.88499975204468,11.3850002288818,16.1000003814697,20.6450004577637,25,27.6300010681152,27.4799995422363,23.0049991607666,17,11.0900001525879,5.38499975204468
"69",-93,35,"lat35_lon-93_id",83.9499969482422,98.1800003051758,123.569999694824,120.449996948242,135.940002441406,113.360000610352,96.4700012207031,74.7300033569336,100.650001525879,134.009994506836,145.220001220703,126.900001525879,4.66499996185303,6.875,11.3850002288818,15.9849996566772,20.4300003051758,24.5450000762939,26.8999996185303,26.7950019836426,22.6749992370605,16.7000007629395,10.9349994659424,5.41499996185303
"70",-91,35,"lat35_lon-91_id",94.7200012207031,103.589996337891,119.790000915527,128.210006713867,135.470001220703,92.2099990844727,91.7900009155273,63.060001373291,73,109.769996643066,126.410003662109,134.910003662109,4.05000019073486,6.44500017166138,11.2449998855591,16.3600006103516,21.2749996185303,25.6499996185303,27.2849998474121,26.7350006103516,22.7700004577637,16.8400001525879,10.9949998855591,5.51999998092651
"71",-89,35,"lat35_lon-89_id",111,122.459999084473,126.120002746582,131.729995727539,145.139999389648,112.300003051758,111.940002441406,84.5999984741211,95.0299987792969,105.73999786377,126.669998168945,149.380004882812,3.86500000953674,6.08000040054321,10.625,15.5049991607666,20.2150001525879,24.3499984741211,26.2399997711182,25.8400001525879,22.0849990844727,16.0949993133545,10.6650009155273,5.36999988555908
"72",-87,35,"lat35_lon-87_id",124.919998168945,130.089996337891,134.679992675781,118.230003356934,142.220001220703,107.059997558594,105.660003662109,104.25,117.430000305176,94.5699996948242,126.190002441406,168.110000610352,4.13500022888184,6.17500019073486,10.6149997711182,15.3050003051758,19.9500007629395,24.1650009155273,26.0499992370605,25.7000007629395,22.1599998474121,15.9600009918213,10.4799995422363,5.49499988555908
"73",-85,35,"lat35_lon-85_id",125.540000915527,127.040000915527,119.650001525879,93.0400009155273,101.269996643066,103.900001525879,117.269996643066,99.379997253418,108.76000213623,78.9000015258789,117.150001525879,125.019996643066,3.89499998092651,6.07999992370605,10.3250007629395,15.125,19.4749984741211,23.8500003814697,25.6749992370605,25.3299999237061,21.8499984741211,15.7399997711182,10.2399997711182,5.44500017166138
"74",-83,35,"lat35_lon-83_id",153.990005493164,138.770004272461,148.839996337891,118.400001525879,124.589996337891,152.339996337891,156.539993286133,156.270004272461,156.970001220703,121.610000610352,143.229995727539,153.570007324219,4.28000020980835,6.15500020980835,9.9399995803833,14.3249998092651,18.4650001525879,22.3500003814697,24.1700000762939,23.6199989318848,20.3000011444092,14.710000038147,9.89999961853027,5.46999979019165
"75",-81,35,"lat35_lon-81_id",97.3399963378906,92.3199996948242,107.569999694824,79.3899993896484,74.379997253418,98.8399963378906,104.930000305176,108.080001831055,95.5899963378906,87.8300018310547,83.4700012207031,90.0199966430664,5.10500001907349,6.92999982833862,11.0100002288818,15.5949993133545,20.0499992370605,24.564998626709,26.3899993896484,25.6700000762939,22.1149997711182,16.1100006103516,10.9899997711182,6.2350001335144
"76",-79,35,"lat35_lon-79_id",91.5699996948242,83.3199996948242,98,77.6800003051758,84.9199981689453,114.339996337891,139.220001220703,132.660003662109,110.75,83.1999969482422,77.0800018310547,78.4199981689453,5.75,7.51000022888184,11.4650001525879,16.3450012207031,20.7299995422363,25.2250003814697,27.0349998474121,26.25,22.810001373291,17.0250015258789,12.0100002288818,7.19500017166138
"77",-77,35,"lat35_lon-77_id",102.639999389648,88.3300018310547,109.300003051758,80.0899963378906,107.449996948242,122.620002746582,163.669998168945,172.770004272461,152.360000610352,92.9400024414062,88.6800003051758,88.9400024414062,6.81500005722046,8.39500045776367,11.9099998474121,16.5,20.7399997711182,24.9500007629395,26.7449989318848,26.0400009155273,23.2599983215332,17.7399997711182,13.0149993896484,8.42500019073486
"80",-121,37,"lat37_lon-121_id",48.2799987792969,48.3899993896484,40.5699996948242,14.3500003814697,10.6099996566772,1.10000002384186,0.469999998807907,0.629999995231628,5.53000020980835,12.2600002288818,26.1299991607666,36.8899993896484,8.0649995803833,10.3649997711182,12.585000038147,15.2449998855591,19.0699996948242,22.3299999237061,25.1749992370605,24.7450008392334,22.4950008392334,18.0050010681152,12.1450004577637,8.07999992370605
"81",-119,37,"lat37_lon-119_id",213.199996948242,208.649993896484,210.339996337891,92.379997253418,52.9199981689453,12.8900003433228,13.3999996185303,6.90000009536743,28.3799991607666,64.9300003051758,129.899993896484,188.610000610352,1.77499985694885,1.32500004768372,2.78000020980835,4.44500017166138,8.58500003814697,12.9799995422363,17.2900009155273,17.060001373291,14.0650005340576,9.55500030517578,4.58500003814697,1.39499998092651
"82",-117,37,"lat37_lon-117_id",15.4099998474121,32.4799995422363,25.2800006866455,12.3999996185303,8.55000019073486,7.09000015258789,10.3500003814697,12.3900003433228,9.06999969482422,8.23999977111816,11.0299997329712,15.1099996566772,3.48000001907349,5.34000015258789,8.71500015258789,12.25,17.1399993896484,22.810001373291,26.1849994659424,25.3850002288818,21.0400009155273,14.6549997329712,7.75,3.07999992370605
"83",-115,37,"lat37_lon-115_id",18.9799995422363,21.7700004577637,18.4699993133545,8.57999992370605,5.30999994277954,2.88000011444092,10.4799995422363,11.8800001144409,8.38000011444092,13.289999961853,12.4700002670288,15.3199996948242,6.33500003814697,8.60499954223633,12.1050004959106,16.1000003814697,21.3850002288818,26.3400001525879,29.8549995422363,28.8800010681152,24.6049995422363,17.7799987792969,10.789999961853,5.94000005722046
"84",-113,37,"lat37_lon-113_id",31.3299999237061,35.9000015258789,38.060001373291,25.0100002288818,10.7600002288818,9.0600004196167,29.4099998474121,41.8300018310547,16.4400005340576,28.7700004577637,25.3600006103516,28.9300003051758,1.8199999332428,3.77500009536743,7.32999992370605,11.0949993133545,16.2100009918213,21.3400001525879,25.1199989318848,23.8899993896484,19.9449996948242,13.3649997711182,6.4850001335144,1.7649998664856
"85",-107,37,"lat37_lon-107_id",48.8699989318848,47.2299995422363,49.2900009155273,39.4500007629395,37.8199996948242,25.1700000762939,56.1699981689453,78.2699966430664,56.9199981689453,48.4900016784668,46.6500015258789,48.810001373291,-3.28499984741211,-1.71000003814697,1.82500004768372,5.40999984741211,10.5650005340576,14.1350002288818,18.5699996948242,17.5249996185303,13.8099994659424,8,1.80999994277954,-3.11999988555908
"86",-105,37,"lat37_lon-105_id",25.5699996948242,29.75,52.7700004577637,44.810001373291,54.0999984741211,54.9199981689453,86.9800033569336,99.6699981689453,42.6699981689453,38.6699981689453,26.5300006866455,27.0400009155273,-2.46000003814697,-1.54499983787537,1.02500009536743,4.51000022888184,9.15999984741211,13.8250007629395,16.1949996948242,15.4650001525879,12.3099994659424,7.125,1.2649998664856,-2.625
"87",-103,37,"lat37_lon-103_id",7.17999982833862,9.53999996185303,28.8899993896484,31.0699996948242,53.9199981689453,55.9000015258789,77.4700012207031,74.1999969482422,35.9900016784668,28.0900001525879,14.6300001144409,9.15999984741211,1.04500007629395,2.54000020027161,6.73000001907349,11.4849996566772,16.8050003051758,21.9250011444092,24.7249984741211,23.7150001525879,19.5050010681152,12.960000038147,6.19499969482422,1.04500007629395
"88",-101,37,"lat37_lon-101_id",11.4399995803833,13.460000038147,32.0499992370605,39.0299987792969,60.2299995422363,79.9000015258789,71.5500030517578,58.0400009155273,44.6100006103516,45.4099998474121,19.4599990844727,17.8400001525879,1.05999994277954,2.99000000953674,7.36500024795532,12.5900001525879,18.0149993896484,23.5200004577637,26.3999996185303,25.6549987792969,20.9750003814697,13.9050006866455,6.94999980926514,1.21000003814697
"89",-99,37,"lat37_lon-99_id",17.7199993133545,23.4300003051758,54.4500007629395,57.0200004577637,96.3399963378906,112.330001831055,66.2099990844727,84.0199966430664,54.4599990844727,56.0200004577637,35.0299987792969,22.9099998474121,1.29999995231628,3.53999996185303,8.32999992370605,13.6550006866455,18.9949989318848,24.1549987792969,27.1900005340576,26.7549991607666,21.8600006103516,14.8799991607666,7.88500022888184,1.92499995231628
"90",-97,37,"lat37_lon-97_id",26.5799999237061,38.2999992370605,78.5599975585938,91.9100036621094,132.910003662109,148.699996948242,92.5699996948242,90.0699996948242,88.2200012207031,87.4599990844727,58.3699989318848,37.9000015258789,1.375,4.03499984741211,8.92000007629395,14.2200002670288,19.4300003051758,24.3499984741211,27.1399993896484,26.9049987792969,22.1949996948242,15.5799999237061,8.75,2.27999997138977
"91",-95,37,"lat37_lon-95_id",45.5800018310547,52.0800018310547,87.2900009155273,108.319999694824,156.970001220703,136.889999389648,97.3499984741211,80.129997253418,118.400001525879,99.1399993896484,87.2600021362305,62.0800018310547,1.19999980926514,3.8050000667572,8.92000007629395,14.1000003814697,19.1149997711182,23.8250007629395,26.4300003051758,26.2399997711182,21.4449996948242,15.0200004577637,8.84000015258789,2.51999998092651
"92",-93,37,"lat37_lon-93_id",64.0400009155273,67.370002746582,106.209999084473,111.379997253418,133.509994506836,115.230003356934,111.589996337891,86.5599975585938,114.23999786377,101.569999694824,119.529998779297,89.8300018310547,-0.0299999713897705,2.4850001335144,7.25499963760376,12.7349996566772,17.4799995422363,21.9749984741211,24.5949993133545,24.2099990844727,19.7200012207031,13.4899997711182,7.55500030517578,1.27999997138977
"93",-91,37,"lat37_lon-91_id",75.2699966430664,84.8399963378906,106.480003356934,117.639999389648,124.459999084473,86.9499969482422,117.290000915527,80.8399963378906,87.7099990844727,102.550003051758,122,113.830001831055,0.654999971389771,3.35999989509583,8.19000053405762,14.1800003051758,18.875,23.6650009155273,25.7999992370605,25.2399997711182,20.5349998474121,13.9499998092651,8.125,1.95499992370605
"94",-89,37,"lat37_lon-89_id",92.3399963378906,100.269996643066,112.830001831055,120.629997253418,132.820007324219,101.980003356934,106.580001831055,75.1100006103516,86.5599975585938,105.51000213623,114.930000305176,125.160003662109,1.51499998569489,3.87499976158142,8.77999973297119,14.2150001525879,19.3250007629395,23.9850006103516,25.9549999237061,25.2049999237061,21.125,14.8950004577637,8.96000003814697,3.28500008583069
"95",-87,37,"lat37_lon-87_id",92.2399978637695,107.949996948242,111.620002746582,111.029998779297,146.080001831055,102.930000305176,100.430000305176,87.2799987792969,96.5800018310547,93.7099990844727,110.349998474121,123.349998474121,1.66499996185303,3.84500002861023,8.60499954223633,13.9949998855591,18.8499984741211,23.4799995422363,25.5249996185303,24.939998626709,20.8850002288818,14.6049995422363,8.93000030517578,3.21000003814697
"96",-85,37,"lat37_lon-85_id",106.370002746582,110.300003051758,116.970001220703,106.050003051758,137.270004272461,111.569999694824,108.050003051758,91.7600021362305,98,87.6100006103516,112.410003662109,129.410003662109,1.61500000953674,3.58500003814697,8.10999965667725,13.414999961853,18.2150001525879,22.7449989318848,24.6800003051758,24.1049995422363,20.3199996948242,14.1300001144409,8.64999961853027,3.23000001907349
"97",-83,37,"lat37_lon-83_id",93.1699981689453,97.6500015258789,107.650001525879,105.389999389648,129.020004272461,118.610000610352,123.180000305176,103.339996337891,87.9499969482422,70.9400024414062,93.2099990844727,105.430000305176,1.1949999332428,3.02999973297119,7.46500015258789,12.4399995803833,16.8250007629395,21.1000003814697,23.0050010681152,22.4599990844727,19.0349998474121,13.3249998092651,7.96500015258789,2.76500034332275
"98",-81,37,"lat37_lon-81_id",77.0299987792969,73.5299987792969,86.7799987792969,82.25,105.449996948242,95.1100006103516,100.680000305176,86.120002746582,80.6699981689453,68.2799987792969,72.1500015258789,74.379997253418,0.169999837875366,1.83500003814697,5.97000026702881,10.9900007247925,15.6100006103516,19.9449996948242,21.8899993896484,21.3600006103516,17.6800003051758,11.8800001144409,6.71000003814697,1.67500007152557
"99",-79,37,"lat37_lon-79_id",89.5899963378906,75.0100021362305,104.029998779297,90.379997253418,108.629997253418,89.5,109.839996337891,96.4400024414062,102.110000610352,91.7799987792969,91.3099975585938,85.0199966430664,2.02499985694885,3.65999984741211,7.72000026702881,13.0550003051758,17.6800003051758,22.5099983215332,24.6049995422363,23.8250007629395,19.8800010681152,13.6549997329712,8.56500053405762,3.45499992370605
"100",-77,37,"lat37_lon-77_id",90.879997253418,71.5699996948242,108.309997558594,98.4899978637695,96.25,96.3199996948242,122.330001831055,131.929992675781,137,88.8199996948242,76.8399963378906,87.9899978637695,3.71000003814697,5.375,9.20000076293945,14.3349990844727,19.0149993896484,23.8699989318848,25.9799995422363,25.0200004577637,21.4899997711182,15.3850002288818,10.4200000762939,5.26500034332275
"102",-123,39,"lat39_lon-123_id",219.940002441406,208.970001220703,160.779998779297,76.4300003051758,41.5900001525879,8.65999984741211,1.39999997615814,3.57999992370605,12.8800001144409,57.5499992370605,151.789993286133,229.690002441406,7.70000028610229,8.09499931335449,9.63000011444092,11.4050006866455,15.3199996948242,19.5699996948242,23.5499992370605,23.1749992370605,21.0799999237061,16.2700004577637,10.4650001525879,7.46500015258789
"103",-121,39,"lat39_lon-121_id",175.789993286133,185.630004882812,168.699996948242,82.379997253418,46.939998626709,13.75,0.639999985694885,2.49000000953674,17.5100002288818,54.8499984741211,137.089996337891,191.990005493164,7.32999992370605,8.69499969482422,10.3800001144409,12.3600006103516,16.3449993133545,20.6450004577637,24.3549995422363,23.9799995422363,21.4200000762939,16.5900001525879,10.460000038147,7.14499998092651
"104",-119,39,"lat39_lon-119_id",19.1299991607666,15.2700004577637,17.7299995422363,10.5500001907349,16.9099998474121,14.6700000762939,7.07999992370605,8.82999992370605,5.63000011444092,13.0900001525879,12.789999961853,16.1200008392334,1.02999997138977,2.93499994277954,6.03000020980835,8.96500015258789,13.3000001907349,18,22.2450008392334,21.6849994659424,17.2900009155273,11.2299995422363,5.02500009536743,0.845000028610229
"105",-115,39,"lat39_lon-115_id",21.4799995422363,21.8799991607666,24.2900009155273,23.5799999237061,23.6800003051758,17.4799995422363,15.7200002670288,22.4500007629395,20.6900005340576,25.7399997711182,17.7000007629395,16.5400009155273,-2.21000027656555,-0.214999914169312,3.44999980926514,6.82999992370605,11.6300001144409,16.6749992370605,20.9150009155273,20.1049995422363,15.164999961853,8.98000049591064,2.45000004768372,-2.23999977111816
"106",-109,39,"lat39_lon-109_id",27,27.3999996185303,40.4900016784668,39.5,29.4200000762939,20.2999992370605,18.6200008392334,29.9200000762939,41.8600006103516,44.9799995422363,39.3300018310547,26.2700004577637,-2.39999985694885,0.109999895095825,4.82999992370605,9.1299991607666,14.2999992370605,19.9650001525879,23.7800006866455,22.3199996948242,17.2999992370605,10.3699998855591,3.16500020027161,-2.16499996185303
"107",-107,39,"lat39_lon-107_id",121.440002441406,140.380004882812,118.75,125.190002441406,79.4800033569336,47.689998626709,54.7400016784668,76.2600021362305,83.9899978637695,89.8600006103516,124.419998168945,122.360000610352,-8.94999980926514,-7.82499980926514,-4.60999965667725,-0.579999923706055,4.13499975204468,8.97500038146973,12.0949993133545,11.210000038147,7.51999998092651,2.125,-4.61499977111816,-9.13500022888184
"108",-105,39,"lat39_lon-105_id",21.4200000762939,21.3600006103516,58.9500007629395,78.8099975585938,72.4000015258789,60.5,92.9899978637695,111.169998168945,42.9599990844727,42.4900016784668,34.5699996948242,23.1000003814697,-4.65000009536743,-4.21000003814697,-1.09500002861023,1.78500008583069,7.03999996185303,11.8649997711182,15.0249996185303,14.0249996185303,10.2800006866455,4.72500038146973,-0.829999923706055,-4.72500038146973
"109",-103,39,"lat39_lon-103_id",5.8899998664856,6.73999977111816,16.9200000762939,30.1100006103516,54.2599983215332,54.2400016784668,66.7300033569336,64.6800003051758,23.7800006866455,22,8.39000034332275,6.5,-1.66499972343445,-0.210000038146973,4.1100001335144,8.60499954223633,14.1349992752075,19.7749996185303,23.0849990844727,22.0149993896484,17.1549987792969,10.2349996566772,3.31500005722046,-1.67499995231628
"110",-101,39,"lat39_lon-101_id",9.98999977111816,12.1199998855591,27.9799995422363,45.1500015258789,76.7900009155273,62,89.2799987792969,64.9400024414062,34.9300003051758,34.5999984741211,17.5,12.6999998092651,-1.28500008583069,0.465000152587891,5.09500026702881,10.2750005722046,15.9249992370605,21.7549991607666,25.064998626709,24.0099983215332,19.0499992370605,11.8299999237061,4.52500009536743,-0.809999704360962
"111",-99,39,"lat39_lon-99_id",14.5200004577637,18.6399993896484,47.7700004577637,59.6300010681152,92.4100036621094,84.5899963378906,100.669998168945,81.7900009155273,53.8499984741211,42.310001373291,25.75,19.4899997711182,-1.25500011444092,0.924999952316284,6.32499980926514,11.9499998092651,17.4899997711182,23.2600002288818,26.3649978637695,25.3600006103516,20.3199996948242,13.1949996948242,5.66000032424927,-0.369999885559082
"112",-97,39,"lat39_lon-97_id",17.9099998474121,28.0900001525879,58.8800010681152,74.8199996948242,117.290000915527,116.709999084473,105.900001525879,98.7799987792969,75.5800018310547,63.75,40.8300018310547,28.9300003051758,-1.49000000953674,1.2350001335144,6.87000036239624,12.7550001144409,18.1199989318848,23.4199981689453,26.4500007629395,25.7950000762939,20.7950000762939,13.8549995422363,6.49000024795532,0.0350000858306885
"113",-95,39,"lat39_lon-95_id",29.1599998474121,35.3899993896484,63.7400016784668,97.0400009155273,130.440002441406,140.339996337891,107.169998168945,104.709999084473,114.830001831055,83.9300003051758,58,41.1599998474121,-1.61000001430511,1.00499987602234,6.76999998092651,12.4450006484985,18.0599994659424,23.2600002288818,25.9549999237061,25.2200012207031,20.1550006866455,13.585000038147,6.36499977111816,-0.224999904632568
"114",-93,39,"lat39_lon-93_id",39.3499984741211,49.0400009155273,69.9000015258789,102.25,135.759994506836,129.740005493164,111.419998168945,102.650001525879,105.720001220703,86.0999984741211,76.1999969482422,55.9799995422363,-2.13000011444092,0.490000009536743,6.31999969482422,12.3900003433228,17.9300003051758,22.8950004577637,25.2550010681152,24.4200000762939,19.6900005340576,13.2650003433228,6.56500005722046,-0.345000028610229
"115",-91,39,"lat39_lon-91_id",52.8300018310547,52.0099983215332,78.1900024414062,92.9499969482422,124.220001220703,106.160003662109,103.169998168945,82.7600021362305,88.6699981689453,79.1699981689453,93.2200012207031,74.9300003051758,-1.26499998569489,1.21000003814697,6.6100001335144,13.039999961853,18.0950012207031,23.064998626709,25.3400001525879,24.5400009155273,19.9549999237061,13.625,7.28999996185303,0.404999971389771
"116",-89,39,"lat39_lon-89_id",64.370002746582,60.6100006103516,77.5100021362305,93.8000030517578,122.339996337891,101.419998168945,93.620002746582,70.370002746582,75.3499984741211,84.5299987792969,99.8000030517578,74.8199996948242,-1.5349999666214,0.954999923706055,6.40000009536743,12.4850006103516,17.9200000762939,23.0999984741211,24.9000015258789,24.0699996948242,19.8600006103516,13.3649997711182,7.25,0.489999890327454
"117",-87,39,"lat39_lon-87_id",69.5100021362305,67.25,90.2200012207031,107.699996948242,146.820007324219,115.690002441406,110.720001220703,80.6500015258789,88.5199966430664,93.6100006103516,104.300003051758,88.75,-1.57499992847443,0.625,5.98000001907349,11.9449996948242,17.2049999237061,22.3600006103516,24.1199989318848,23.4300003051758,19.3549995422363,12.8000001907349,6.86999988555908,0.275000095367432
"118",-85,39,"lat39_lon-85_id",78.2300033569336,70.3899993896484,95.5800018310547,103.050003051758,132.240005493164,103.51000213623,99.1699981689453,81.5899963378906,72.6500015258789,83.0400009155273,88.9300003051758,88.7099990844727,-0.625,1.48499989509583,6.26999998092651,12.164999961853,17.2950000762939,22.1399993896484,24.314998626709,23.7399997711182,19.7849998474121,13.2950000762939,7.40500020980835,1.25500011444092
"119",-83,39,"lat39_lon-83_id",75.8000030517578,69.7900009155273,96.1100006103516,89.6100006103516,117.589996337891,91.9400024414062,104.650001525879,84.0400009155273,70.2399978637695,73.4599990844727,80.1800003051758,80.9599990844727,-0.774999856948853,1.19000005722046,5.84999990463257,11.8199996948242,16.814998626709,21.625,23.5249996185303,22.8400001525879,18.9500007629395,12.5999994277954,6.92499971389771,1.31500005722046
"120",-81,39,"lat39_lon-81_id",80.3099975585938,82.0999984741211,106.589996337891,91.2900009155273,123.879997253418,106.480003356934,121.319999694824,100.349998474121,87.8199996948242,78.7300033569336,96.4899978637695,88.9300003051758,-0.679999828338623,0.914999961853027,5.38500022888184,11.3600006103516,16.0900001525879,20.7800006866455,22.7700004577637,22.2450008392334,18.3600006103516,12.0900001525879,6.64000034332275,1.24000000953674
"121",-79,39,"lat39_lon-79_id",56.6300010681152,57.3300018310547,83.5599975585938,73.6800003051758,95.8199996948242,89.1100006103516,117.370002746582,81.3499984741211,80.7799987792969,64.0599975585938,69.1900024414062,63.2200012207031,-0.724999904632568,0.784999847412109,5,10.8400001525879,15.6700000762939,20.3199996948242,22.3699989318848,21.6350002288818,17.8649997711182,11.8800001144409,6.4350004196167,1.04999995231628
"122",-77,39,"lat39_lon-77_id",76.5199966430664,71.5100021362305,95.5299987792969,86.2200012207031,110.180000305176,100.120002746582,102.980003356934,85.3499984741211,101.110000610352,89.5999984741211,87.6699981689453,83.5999984741211,0.755000114440918,2.37000012397766,6.6899995803833,12.5100002288818,17.5799999237061,22.6499996185303,25.0999984741211,24.0750007629395,20.0399990081787,13.6949996948242,8.35999965667725,3.00999999046326
"123",-75,39,"lat39_lon-75_id",85.5,71.6800003051758,106.180000305176,93.0599975585938,92.8300018310547,82.129997253418,97.4599990844727,105.190002441406,85,91.7799987792969,83.3199996948242,92.25,1.75499987602234,2.65999984741211,6.18499994277954,11.2150001525879,16.2450008392334,21.4300003051758,23.9500007629395,23.6550006866455,20.5149993896484,14.6800003051758,9.56500053405762,4.375
"125",-123,41,"lat41_lon-123_id",320.410003662109,260.570007324219,255.610000610352,178.990005493164,91.7699966430664,68.0800018310547,16.6900005340576,15.5900001525879,45.7200012207031,145.029998779297,231.800003051758,302.450012207031,0.199999928474426,0.134999990463257,1.44500005245209,3.64499998092651,7.60500001907349,11.5749998092651,16.2849998474121,15.7600002288818,13.1800003051758,8.18000030517578,2.39000010490417,-0.125
"126",-121,41,"lat41_lon-121_id",61.2099990844727,58,55.5800018310547,44.5299987792969,43.2999992370605,26.4300003051758,14.1400003433228,10.3599996566772,17.5100002288818,34.4700012207031,68.4199981689453,71.9700012207031,0.255000114440918,1.14000010490417,3.16000032424927,5.52500009536743,9.82000064849854,14.3249998092651,19.0499992370605,18.3099994659424,15.0650005340576,9.57499980926514,3.40999984741211,-0.129999876022339
"127",-117,41,"lat41_lon-117_id",24.6399993896484,20.8600006103516,21.7900009155273,22.9200000762939,28.7299995422363,16.0400009155273,6.19999980926514,6.63000011444092,11.210000038147,17.7399997711182,24.2700004577637,25.6599998474121,-1.44000005722046,0.950000047683716,4.63000011444092,8.1850004196167,12.8450002670288,17.7350006103516,22.3199996948242,21.4200000762939,16.0699996948242,9.89500045776367,3.32000017166138,-1.3050000667572
"128",-113,41,"lat41_lon-113_id",20.7299995422363,25.4599990844727,25.4200000762939,31.6200008392334,33.2400016784668,23.8700008392334,13.3599996566772,15.1400003433228,21.7900009155273,28.7199993133545,23.2999992370605,18.1299991607666,-2.60500001907349,0.0250000953674316,5.22000026702881,9.39499950408936,14.4250001907349,19.9150009155273,24.9549999237061,23.8700008392334,18.5450000762939,11.0699996948242,2.99000000953674,-2.69000005722046
"129",-111,41,"lat41_lon-111_id",43.1699981689453,43.8300018310547,52.0499992370605,56.8800010681152,59.2099990844727,39.4900016784668,27.4599990844727,29.9500007629395,39.9900016784668,48.1399993896484,53.5099983215332,45.6699981689453,-5.75500011444092,-4.83500003814697,-0.974999904632568,3.29000020027161,7.89499998092651,12.5750007629395,16.8700008392334,16.3050003051758,11.5349998474121,5.66000032424927,-1.33000016212463,-5.8100004196167
"130",-107,41,"lat41_lon-107_id",80.0699996948242,77.6800003051758,72.9000015258789,79.2799987792969,68.1600036621094,40.6500015258789,33.1300010681152,35.560001373291,50.8800010681152,59.8699989318848,73.5500030517578,81.7300033569336,-6.31999969482422,-5.0600004196167,-1.19000005722046,2.85000014305115,7.41499996185303,12.164999961853,16.2600002288818,15.375,10.9549999237061,5.09999990463257,-1.96000003814697,-6.52500009536743
"131",-105,41,"lat41_lon-105_id",8.35000038146973,12.1899995803833,32.6599998474121,47.2400016784668,64.8000030517578,61.9099998474121,49.6199989318848,47.4099998474121,37.939998626709,24.7000007629395,16.0200004577637,10.0699996948242,-2.52000021934509,-1.91499996185303,1.64499998092651,5.36500024795532,10.6350002288818,15.7449998855591,19.7950000762939,18.8699989318848,14.0150003433228,7.66500043869019,1.38000011444092,-2.92000007629395
"132",-103,41,"lat41_lon-103_id",7.42999982833862,9.64999961853027,27.4200000762939,43.810001373291,73.4599990844727,81.8499984741211,66.8199996948242,56.3899993896484,35.25,28.6299991607666,13.9399995803833,9.85000038146973,-2.3899998664856,-1.05499982833862,3.16999983787537,7.55500030517578,13.1700000762939,18.7399997711182,22.7999992370605,21.75,16.3899993896484,9.1899995803833,2.44000005722046,-2.6800000667572
"133",-101,41,"lat41_lon-101_id",7.86999988555908,11.539999961853,27.8799991607666,53.7799987792969,79.1999969482422,88.3499984741211,76.0899963378906,59.2200012207031,40.5699996948242,41.0699996948242,16.4699993133545,9.26000022888184,-3.03500032424927,-1.19000005722046,3.62499976158142,8.86999988555908,14.6850004196167,20.2649993896484,23.6599998474121,22.7150001525879,17.4449996948242,10.3450002670288,2.90000009536743,-2.72499990463257
"134",-97,41,"lat41_lon-97_id",16.3099994659424,17.9699993133545,51.8400001525879,68.1399993896484,112.319999694824,111.830001831055,91.8399963378906,91.25,72.4000015258789,52.8499984741211,36.2900009155273,21.9500007629395,-4.19000005722046,-1.82999992370605,4.11500024795532,10.6899995803833,16.5900001525879,22.0900001525879,24.5900001525879,23.5050010681152,18.7600002288818,11.835000038147,3.82500004768372,-2.92000007629395
"135",-95,41,"lat41_lon-95_id",19.8199996948242,25.9400005340576,56.1800003051758,85.0899963378906,132.820007324219,128.139999389648,115.709999084473,96.4800033569336,87.4599990844727,66.8600006103516,50.9199981689453,30.6800003051758,-4.88500022888184,-2.44499969482422,3.83500003814697,10.4499998092651,16.6049995422363,21.8500003814697,24.1049995422363,22.9899997711182,18.3299999237061,11.7049999237061,3.95999979972839,-3.22000026702881
"136",-93,41,"lat41_lon-93_id",25.1299991607666,34.4300003051758,55.7200012207031,91.3499984741211,123.779998779297,124.379997253418,123.680000305176,112.150001525879,96.75,74.0100021362305,59.9900016784668,34.1300010681152,-4.71000003814697,-2.42500019073486,3.76000022888184,10.6100006103516,16.2200012207031,21.4899997711182,24.0249996185303,23.0100002288818,18.4150009155273,11.8049993515015,4.37999963760376,-2.93499994277954
"137",-91,41,"lat41_lon-91_id",33.1800003051758,39.3699989318848,63.0900001525879,90.4499969482422,113.809997558594,111.25,102.330001831055,99.7799987792969,88.9499969482422,72.2099990844727,67.0100021362305,49.9199981689453,-4.4850001335144,-2.17999982833862,4.06500005722046,11.0649995803833,16.8350009918213,22.1700000762939,24.2399997711182,23.2399997711182,18.8449993133545,12.2950000762939,5.19500017166138,-2.375
"138",-89,41,"lat41_lon-89_id",47.3199996948242,45.3400001525879,71.4199981689453,86.8600006103516,105.519996643066,95.5999984741211,100.25,91.5,83.370002746582,74.0500030517578,82.9800033569336,59.3699989318848,-4.69500017166138,-2.22000002861023,3.82499980926514,10.4650001525879,16.4049987792969,21.6700000762939,23.5250015258789,22.4850006103516,18.4549999237061,11.8149995803833,4.95499992370605,-2.45499992370605
"139",-87,41,"lat41_lon-87_id",52.1599998474121,45.1699981689453,67.1500015258789,89.5500030517578,105.360000610352,97.6500015258789,118.919998168945,98.1800003051758,76.9599990844727,82.7900009155273,79.3099975585938,62.6500015258789,-4.46000003814697,-2.32499980926514,3.39000010490417,9.96000003814697,15.8449993133545,21.2350006103516,22.8800010681152,21.9500007629395,18.0399990081787,11.4400005340576,5,-2.21999979019165
"140",-85,41,"lat41_lon-85_id",54.5400009155273,49.6599998474121,61.6500015258789,86.0599975585938,106.459999084473,98.75,105.839996337891,90.3600006103516,75.4700012207031,69.75,74.9300003051758,63.7099990844727,-3.91499972343445,-2.13499975204468,3.27500009536743,9.90999984741211,15.7700004577637,21.1700000762939,23.0799999237061,21.9899997711182,18.1350002288818,11.5200004577637,5.22000026702881,-1.43499994277954
"141",-83,41,"lat41_lon-83_id",60.7200012207031,52.1100006103516,65.1800003051758,88.25,105.870002746582,109.949996948242,100.730003356934,90.7099990844727,80.3199996948242,68.1399993896484,80.370002746582,73.0899963378906,-3.72000002861023,-2.17499995231628,2.80499982833862,9.43499946594238,15.1549997329712,20.4749984741211,22.4799995422363,21.6149997711182,17.6900005340576,11.164999961853,5.24500036239624,-1.2649998664856
"142",-81,41,"lat41_lon-81_id",62.0200004577637,51.8899993896484,70.2300033569336,86.9800033569336,101.980003356934,104.040000915527,107.410003662109,84.7900009155273,88.4300003051758,70.9899978637695,79.1999969482422,69.7200012207031,-3.18499994277954,-1.83499991893768,2.84999990463257,9.46500015258789,14.7449989318848,19.8099994659424,22.0499992370605,21.2849998474121,17.3549995422363,11.0150003433228,5.36500024795532,-0.705000042915344
"143",-79,41,"lat41_lon-79_id",78.4100036621094,63.439998626709,83.7300033569336,90.4499969482422,106.610000610352,119.959999084473,117.370002746582,103.819999694824,98.8899993896484,79.3899993896484,96.7399978637695,86.2399978637695,-3.97000002861023,-2.71999979019165,1.70000004768372,8.43000030517578,13.6300001144409,18.4099998474121,20.5550003051758,20,16.0750007629395,9.85000038146973,4.40999984741211,-1.63000011444092
"144",-77,41,"lat41_lon-77_id",72.6399993896484,62.060001373291,86.8000030517578,91.3099975585938,98.4199981689453,104.980003356934,107.680000305176,101.639999389648,104.110000610352,91.2399978637695,93.7900009155273,79.3600006103516,-3.15999984741211,-1.625,2.90000009536743,9.43000030517578,14.9850006103516,19.9850006103516,22.2099990844727,21.3449993133545,17.0450000762939,10.5950002670288,5.07999992370605,-0.670000076293945
"145",-75,41,"lat41_lon-75_id",84.370002746582,73.0100021362305,93.7799987792969,104.540000915527,110.290000915527,115.190002441406,113.879997253418,110.419998168945,118.449996948242,113.720001220703,96.4199981689453,98.5899963378906,-3.38499975204468,-1.79499995708466,2.65500020980835,8.90999984741211,14.6350002288818,19.2950000762939,21.7399997711182,20.9700012207031,16.9650001525879,10.5249996185303,5.18499994277954,-0.565000057220459
"146",-73,41,"lat41_lon-73_id",89.370002746582,77.0100021362305,112.76000213623,111.23999786377,99.9199981689453,105.830001831055,95.4899978637695,99.0899963378906,100.339996337891,97.0999984741211,97.2900009155273,97.2900009155273,-0.869999885559082,0.349999904632568,3.87499976158142,9.58500003814697,14.9099998474121,20.125,23.2049999237061,22.7150001525879,18.9300003051758,12.7800006866455,7.52999973297119,2.07999992370605
"150",-123,43,"lat43_lon-123_id",140.119995117188,117.23999786377,108.190002441406,97.3300018310547,77.3000030517578,50.6699981689453,19.75,17.4300003051758,33.1300010681152,78.1600036621094,174.5,188.979995727539,4.34000015258789,5.46000003814697,6.99000024795532,9.22000026702881,12.7950000762939,16.3400001525879,20.560001373291,20.6000003814697,17.8649997711182,12.3700008392334,6.46500015258789,3.76500010490417
"151",-121,43,"lat43_lon-121_id",72.4000015258789,61.9799995422363,59.0900001525879,49.8600006103516,46.2700004577637,27.7700004577637,17.75,14.4200000762939,18.6000003814697,35.310001373291,68.7200012207031,93.3600006103516,-1.40499997138977,-0.639999866485596,1.40000009536743,3.82999992370605,7.64499998092651,11.4899997711182,16.1700000762939,16.4200000762939,12.8600006103516,7.25500011444092,1.18999993801117,-1.85000002384186
"152",-119,43,"lat43_lon-119_id",27.8299999237061,24.1700000762939,28.9599990844727,29.1900005340576,41.3400001525879,22.6499996185303,13.1599998474121,11.2399997711182,15.2200002670288,21.5599994659424,32.6100006103516,36.5900001525879,-1.5550000667572,-0.315000057220459,3.04999995231628,5.7350001335144,9.89500045776367,14.1450004577637,19.3549995422363,18.7600002288818,14.0900001525879,8.36999988555908,1.92499995231628,-2.15500020980835
"153",-117,43,"lat43_lon-117_id",49.2000007629395,42.8300018310547,51.5400009155273,45.1399993896484,50.8800010681152,32.25,12.8100004196167,7.94000005722046,13.5799999237061,28.2199993133545,46.2400016784668,54.4700012207031,-2.39499998092651,-0.884999990463257,2.90499997138977,5.99000024795532,10.375,14.9750003814697,20.1200008392334,19.6350002288818,14.375,8.23500061035156,1.59500002861023,-2.7649998664856
"154",-115,43,"lat43_lon-115_id",30.4400005340576,26.0200004577637,24.7199993133545,23.5400009155273,23.2999992370605,16.25,5.17000007629395,4.69000005722046,9.94999980926514,18.2399997711182,33.7000007629395,40.5099983215332,-1.45000004768372,0.759999990463257,5.60500001907349,9.625,14.0900001525879,18.8699989318848,23.25,22.6150016784668,17.2350006103516,10.7950000762939,3.57500004768372,-1.63499987125397
"155",-113,43,"lat43_lon-113_id",21.9899997711182,20.25,26.25,27.0400009155273,33.8800010681152,25.8500003814697,14.5600004196167,13.1499996185303,19.2000007629395,20.3600006103516,23.3299999237061,27.1000003814697,-4.89499998092651,-2.79500007629395,2.47000026702881,6.94499969482422,11.6049995422363,16.2250003814697,20.9200000762939,20.4700012207031,14.9349994659424,8.25500011444092,1.0550000667572,-4.69500017166138
"156",-111,43,"lat43_lon-111_id",56.6800003051758,46.1100006103516,45.3199996948242,48.4500007629395,70.379997253418,43.2400016784668,35.7200012207031,30.7299995422363,35.2900009155273,44.9099998474121,60.8600006103516,40.6800003051758,-7.29500007629395,-5.67000007629395,-0.650000095367432,3.98000001907349,9.30000019073486,13.3150005340576,17.3450012207031,17.1149997711182,12.1049995422363,6.17999982833862,-1.11500000953674,-7.25500011444092
"157",-103,43,"lat43_lon-103_id",9.65999984741211,13.6499996185303,28.1000003814697,47.1399993896484,71.7300033569336,77.629997253418,55.0900001525879,40.6399993896484,39.8499984741211,34.7999992370605,16.6499996185303,11.9899997711182,-3.53500008583069,-2.02999997138977,2.87999987602234,7.85500001907349,13.5200004577637,19.0149993896484,23.5450000762939,22.6749992370605,16.8299999237061,9.36999988555908,2.14499998092651,-3.56000018119812
"158",-101,43,"lat43_lon-101_id",9.77999973297119,13.8500003814697,31.6399993896484,56.3300018310547,84.3099975585938,86.7399978637695,70.2900009155273,49.3800010681152,44.8499984741211,39.7900009155273,20.6599998474121,12.0699996948242,-4.40000009536743,-2.68000030517578,1.96000027656555,7.66000032424927,13.7349996566772,19.0200004577637,22.8549995422363,22.0349998474121,16.4799995422363,9.30000019073486,1.63000011444092,-3.95999979972839
"159",-99,43,"lat43_lon-99_id",10.5299997329712,15.2600002288818,39.8400001525879,75.8000030517578,98.7799987792969,99.0899963378906,77.4300003051758,70.1800003051758,68.9599990844727,52.2799987792969,23.7900009155273,13.7399997711182,-5.38000011444092,-3.34000015258789,1.97499990463257,8.375,14.5599994659424,20.1200008392334,23.4750003814697,22.6599998474121,17.2950000762939,9.96500015258789,1.79500007629395,-4.65500020980835
"160",-97,43,"lat43_lon-97_id",12.1199998855591,14.2200002670288,42.1199989318848,72.9199981689453,92.5800018310547,106.569999694824,82.6100006103516,73.3000030517578,73.75,56.0200004577637,34.6599998474121,16.75,-7.20499992370605,-4.61499977111816,1.65999984741211,8.99499988555908,15.4650001525879,20.9750003814697,23.3699989318848,22.1949996948242,17.2800006866455,10.0599994659424,1.64000010490417,-5.77999973297119
"161",-95,43,"lat43_lon-95_id",16.9099998474121,16.1100006103516,46.7700004577637,85.1500015258789,100.25,126.230003356934,101.930000305176,103.51000213623,81.6699981689453,57.2999992370605,39.3300018310547,22.9500007629395,-8.15999984741211,-5.86999988555908,0.754999876022339,8.44999980926514,15.0749998092651,20.4750003814697,22.5200004577637,21.2350006103516,16.7399997711182,9.80000019073486,1.26499998569489,-6.44999980926514
"162",-93,43,"lat43_lon-93_id",22.1000003814697,23.6299991607666,48.939998626709,90.9599990844727,119.269996643066,131.25,118.669998168945,104.559997558594,81.5899963378906,62.9900016784668,48.3600006103516,32.9099998474121,-8.39500045776367,-5.95499992370605,0.859999895095825,8.52000045776367,15.0200004577637,20.4099998474121,22.3999996185303,21.2150001525879,16.6949996948242,9.85500049591064,1.63000011444092,-6.1899995803833
"163",-91,43,"lat43_lon-91_id",26.4899997711182,27.9899997711182,47.060001373291,94.0599975585938,105.809997558594,119.919998168945,106.330001831055,114.230003356934,81.8000030517578,61.7000007629395,57.6599998474121,36.6699981689453,-7.9399995803833,-5.30999994277954,1.09000015258789,8.4399995803833,14.4099998474121,19.7900009155273,22.0550003051758,21.0949993133545,16.5200004577637,9.78999996185303,2.15999984741211,-5.59499979019165
"164",-89,43,"lat43_lon-89_id",32.8300018310547,34.7900009155273,50.4599990844727,88.3199996948242,94.2099990844727,116.169998168945,103.779998779297,109.319999694824,89.3099975585938,69.0199966430664,62.8499984741211,44.6399993896484,-7.21000003814697,-4.93000030517578,1.17499995231628,8.46000003814697,14.5799999237061,19.9650001525879,22.2049999237061,21.0599994659424,16.6350002288818,9.80999946594238,2.9300000667572,-4.72499990463257
"166",-85,43,"lat43_lon-85_id",52.2700004577637,47.5,57.4799995422363,80.1999969482422,95.9300003051758,83.7399978637695,82.0199966430664,93.7099990844727,96.0500030517578,79.8499984741211,76.6699981689453,53.2299995422363,-5.20499992370605,-3.99500012397766,0.934999942779541,8.02999973297119,14.1999998092651,19.4400005340576,21.6599998474121,20.625,16.314998626709,9.78499984741211,3.65500020980835,-2.5
"167",-83,43,"lat43_lon-83_id",45.0200004577637,44.3499984741211,50.8899993896484,73.6699981689453,80.4400024414062,82.8300018310547,86.5699996948242,82.5,92.5299987792969,71.1900024414062,71.7099990844727,53.4500007629395,-5.09499979019165,-3.88500022888184,0.795000076293945,7.66000032424927,13.625,19.0349998474121,21.4099998474121,20.4249992370605,16.4099998474121,9.94499969482422,3.83999967575073,-2.54499983787537
"170",-77,43,"lat43_lon-77_id",56.3300018310547,45.9000015258789,63.5699996948242,71.1699981689453,75.9199981689453,84.5199966430664,85.4400024414062,83.2699966430664,88.4400024414062,80.9100036621094,73.3300018310547,67.379997253418,-4.03999996185303,-2.97000002861023,1.33000016212463,8.34000015258789,14.1650009155273,19.4899997711182,21.8950004577637,20.9949989318848,17.0200004577637,10.5500001907349,5.08500003814697,-0.940000057220459
"171",-75,43,"lat43_lon-75_id",67.75,59.8499984741211,75.5,89.6500015258789,95.120002746582,107.98999786377,111.970001220703,107.209999084473,96.0699996948242,98.5800018310547,95.5500030517578,76.3199996948242,-5.92500019073486,-4.38499975204468,0.184999942779541,7.68000030517578,13.8700008392334,19.0049991607666,21.4699993133545,20.7150001525879,16.2749996185303,9.88500022888184,4.13499975204468,-2.53999996185303
"172",-73,43,"lat43_lon-73_id",118.75,97.3499984741211,118.089996337891,121.050003051758,126.830001831055,128.119995117188,118.059997558594,124.349998474121,125.089996337891,138.919998168945,132.779998779297,123.330001831055,-9.39500045776367,-8.51500034332275,-4.0149998664856,3.07000017166138,9.24499988555908,14.3500003814697,16.6550006866455,15.875,11.7950000762939,5.71499967575073,0.319999933242798,-6.375
"173",-71,43,"lat43_lon-71_id",84.7399978637695,84.4499969482422,110.309997558594,112.269996643066,104.110000610352,103.23999786377,97.8499984741211,88.5100021362305,97.8000030517578,109.830001831055,111.150001525879,97.1100006103516,-4.67499971389771,-2.75500011444092,1.41500020027161,7.47000026702881,13.0550003051758,18.3400001525879,21.3099994659424,20.4850006103516,16.1599998474121,9.82999992370605,4.50500011444092,-1.32499992847443
"176",-123,45,"lat45_lon-123_id",150.039993286133,120.839996337891,103.209999084473,79.4899978637695,60.9300003051758,47.3899993896484,12.8299999237061,13.7399997711182,32.9000015258789,75.9499969482422,163.699996948242,176.440002441406,5.15499973297119,6.28999996185303,8.38500022888184,10.3099994659424,13.4499998092651,16.3699989318848,19.625,19.7549991607666,17.1049995422363,12.1450004577637,7.63499975204468,4.5
"177",-121,45,"lat45_lon-121_id",48.1699981689453,37.9099998474121,28.0900001525879,28.1599998474121,32.9199981689453,23.2099990844727,9.97999954223633,8.77999973297119,14.1999998092651,24.7900009155273,49.5900001525879,54.0299987792969,0.740000009536743,1.8899998664856,4.86999988555908,7.45000028610229,11.3049993515015,15.0349998474121,19.7749996185303,19.8549995422363,16.0499992370605,10.1199998855591,3.77999997138977,-0.0900000333786011
"178",-119,45,"lat45_lon-119_id",49.75,36.5099983215332,42.0900001525879,42.0900001525879,51.3499984741211,39.0699996948242,16.7600002288818,16.7700004577637,16.1299991607666,31.2000007629395,51.0900001525879,52.4900016784668,0.0149998664855957,1.33500003814697,4.18000030517578,7,10.7349996566772,14.5300006866455,18.7550010681152,18.6700000762939,14.335000038147,8.85500049591064,3.32000017166138,-0.62499988079071
"179",-117,45,"lat45_lon-117_id",155.880004882812,131.419998168945,118.839996337891,75.6600036621094,69.8199996948242,48.7000007629395,20.9300003051758,21.7299995422363,27.2399997711182,56.0099983215332,142.440002441406,185.229995727539,-3.85500001907349,-2.17000007629395,1.125,4.63500022888184,8.47500038146973,12.6199998855591,17.4200000762939,17.3199996948242,12.7950000762939,6.85500001907349,-0.0149998664855957,-3.96999979019165
"180",-111,45,"lat45_lon-111_id",88.4800033569336,75.370002746582,82.1999969482422,86.3899993896484,106.110000610352,89.9899978637695,69.9599990844727,48.5400009155273,49.2700004577637,68.6800003051758,94.2600021362305,97.5699996948242,-8.71000003814697,-7.49499988555908,-4.09499979019165,-0.334999799728394,4.35500001907349,8.95499992370605,13.9099998474121,13.3649997711182,8.34000015258789,2.01999998092651,-4.91499996185303,-9.3100004196167
"181",-109,45,"lat45_lon-109_id",7.32000017166138,7.3899998664856,15.6000003814697,24.5599994659424,50.0800018310547,41.3400001525879,25.4500007629395,18.0799999237061,22.9799995422363,23.4500007629395,11.7700004577637,9.38000011444092,-3.82499980926514,-2.30999994277954,2.1399998664856,6.82500028610229,11.6099996566772,16.3050003051758,20.4349994659424,19.8099994659424,14.1199998855591,7.8899998664856,0.849999904632568,-4.24499988555908
"182",-103,45,"lat45_lon-103_id",8.71000003814697,9.64000034332275,25.75,38.560001373291,74.0100021362305,72.4199981689453,51.8499984741211,40.5499992370605,28.2800006866455,32.3899993896484,14.8400001525879,10.8400001525879,-6.4350004196167,-4.59499979019165,0.390000104904175,6.82999992370605,12.5600004196167,18.0599994659424,22.4899997711182,21.7600002288818,15.5249996185303,8.05000019073486,0.0750000476837158,-5.85000038146973
"183",-97,45,"lat45_lon-97_id",14.3800001144409,14.789999961853,32.310001373291,57.8300018310547,71.8499984741211,99.4400024414062,86.6100006103516,74.6399993896484,71.5500030517578,52.9700012207031,24.2199993133545,14.8299999237061,-10.75,-8.09999942779541,-1.76500010490417,6.51999998092651,13.3199996948242,18.4549999237061,21.5900001525879,20.625,15.3600006103516,7.84999990463257,-1.12999999523163,-8.61000061035156
"184",-95,45,"lat45_lon-95_id",19.1599998474121,19.9200000762939,42.6599998474121,65.5599975585938,76.3600006103516,119.330001831055,92.1100006103516,99.0899963378906,82,59.1599998474121,37.5499992370605,21.3600006103516,-10.6399993896484,-7.79500007629395,-1.01999986171722,7.44500017166138,14.4200000762939,19.7449989318848,21.9899997711182,20.6149997711182,15.7899990081787,8.52999973297119,-0.194999933242798,-8.19000053405762
"185",-93,45,"lat45_lon-93_id",25.0900001525879,20.4200000762939,46.1500015258789,73.75,98.370002746582,115.910003662109,111.440002441406,110.819999694824,89.7200012207031,69.6900024414062,47.7400016784668,31.7900009155273,-9.22999954223633,-6.71999979019165,-0.0249998569488525,8.35499954223633,15.039999961853,20.2399997711182,22.8400001525879,21.6399993896484,16.6700000762939,9.39000034332275,0.784999966621399,-6.88000011444092
"186",-91,45,"lat45_lon-91_id",22.3400001525879,22,38.3800010681152,67.0599975585938,87.2200012207031,103.5,103.620002746582,115.440002441406,98.9800033569336,65.5899963378906,52.4000015258789,29.0200004577637,-10.3649997711182,-7.92999982833862,-1.36500000953674,6.67999982833862,13.0750007629395,18.1800003051758,20.6000003814697,19.5550003051758,14.625,7.77500009536743,0.154999971389771,-7.82999992370605
"187",-89,45,"lat45_lon-89_id",24,22.3500003814697,39.8899993896484,67.370002746582,83.5199966430664,98.3499984741211,90.7200012207031,94.5400009155273,93.3300018310547,74.2300033569336,51.1699981689453,32.5999984741211,-10.3649997711182,-8.09999942779541,-2.23499989509583,5.82000017166138,12.1199998855591,17.1650009155273,19.5550003051758,18.6350002288818,14.0450000762939,7.19500017166138,0.0349998474121094,-7.73000001907349
"189",-85,45,"lat45_lon-85_id",57.5099983215332,39.8699989318848,46.6800003051758,63.9099998474121,75,78.5,72.6900024414062,91.0199966430664,96.1100006103516,94.4599990844727,74.0100021362305,65.9400024414062,-7.18000030517578,-6.40500020980835,-1.8600001335144,5.6100001335144,11.9899997711182,17.2049999237061,19.6000003814697,18.7000007629395,14.585000038147,8.21000003814697,1.99000012874603,-3.98000001907349
"192",-75,45,"lat45_lon-75_id",68.8600006103516,58.1699981689453,62.4099998474121,78.1999969482422,84.8000030517578,92.0199966430664,96.4499969482422,90.7699966430664,96.2900009155273,88.7900009155273,87.6399993896484,71.6999969482422,-9.68000030517578,-7.75500011444092,-2.13500022888184,6.31500005722046,13.0299997329712,18.189998626709,20.7199993133545,19.6049995422363,15.125,8.47999954223633,2.12000012397766,-5.27500009536743
"193",-73,45,"lat45_lon-73_id",70.7300033569336,58.3699989318848,68.3499984741211,84.4199981689453,98.0699996948242,102.809997558594,107.379997253418,109.449996948242,98.0199966430664,102.019996643066,94.4400024414062,77.6399993896484,-9.13500022888184,-7.27500009536743,-1.78000009059906,6.29500007629395,13.1399993896484,18.1700000762939,20.5750007629395,19.5599994659424,15.2449998855591,8.55500030517578,2.40499997138977,-4.75500011444092
"194",-71,45,"lat45_lon-71_id",73.0800018310547,65.0899963378906,76.1699981689453,87.620002746582,96.8399963378906,116.099998474121,110.610000610352,115.25,95.8499984741211,104.73999786377,97.4700012207031,83.629997253418,-11.5450000762939,-9.85999965667725,-4.72500038146973,2.90999984741211,9.63999938964844,14.9750003814697,17.5349998474121,16.5950012207031,12.2649993896484,5.72000026702881,-0.444999933242798,-7.45499992370605
"195",-69,45,"lat45_lon-69_id",78.2200012207031,66.1800003051758,83.1100006103516,94.629997253418,96.2200012207031,104.470001220703,86.2300033569336,88.0400009155273,98.3499984741211,109.51000213623,112.720001220703,93.8600006103516,-9.40999984741211,-7.44499969482422,-1.99500012397766,5.10000038146973,11.5549993515015,16.7199993133545,19.7049999237061,18.8500003814697,14.1949996948242,7.71000003814697,2.03000020980835,-4.82000017166138
"196",-123,47,"lat47_lon-123_id",203.899993896484,146.279998779297,143.479995727539,96.629997253418,62.3899993896484,49.439998626709,17.7299995422363,24.3400001525879,45.2900009155273,118.800003051758,232.25,200.649993896484,4.55500030517578,5.1100001335144,7.09000015258789,9.14999961853027,12.2849998474121,15.1499996185303,17.7099990844727,18.0900001525879,15.2250003814697,10.6100006103516,6.59499979019165,3.77499985694885
"197",-121,47,"lat47_lon-121_id",271.730010986328,197.740005493164,178.710006713867,123.629997253418,84.0699996948242,63.7000007629395,28.6700000762939,22.3999996185303,50.6599998474121,127.599998474121,277.779998779297,288.269989013672,-2.875,-2.58000016212463,-0.850000143051147,1.67500007152557,5.35999965667725,8.65999984741211,12.9250001907349,13.5149993896484,10.4750003814697,4.80999994277954,-0.855000019073486,-3.49499988555908
"198",-119,47,"lat47_lon-119_id",25.7999992370605,19.7600002288818,21.2000007629395,17.3999996185303,18.5599994659424,15.6899995803833,8.02000045776367,6.32999992370605,8.47999954223633,16.5499992370605,28.7600002288818,30.7999992370605,-0.759999871253967,1.93499994277954,6.36999988555908,10.1099996566772,14.3899993896484,18.2100009918213,22.0300006866455,21.6900005340576,16.9300003051758,10.3249998092651,3.59500002861023,-1.42000007629395
"199",-117,47,"lat47_lon-117_id",77.0500030517578,62.4799995422363,65.7399978637695,52.9700012207031,61.0800018310547,47.9099998474121,24.0400009155273,20.8400001525879,29,47.8600006103516,86.0100021362305,80.5,-1.39999997615814,0.059999942779541,3.53499984741211,6.81999969482422,10.9699993133545,14.1949996948242,17.9200000762939,17.9549999237061,13.585000038147,8.06500053405762,1.81499993801117,-2.44000005722046
"200",-115,47,"lat47_lon-115_id",222.149993896484,177.399993896484,172.449996948242,123,112.849998474121,98.25,41.3899993896484,49.6699981689453,70.3899993896484,113.599998474121,230.449996948242,220.259994506836,-4.375,-3.31500005722046,-0.305000066757202,3.18000030517578,7.34500026702881,11.1550006866455,15.7399997711182,15.5250005722046,10.6900005340576,4.71999979019165,-1.66499996185303,-5.30499982833862
"201",-113,47,"lat47_lon-113_id",32.939998626709,24.6399993896484,20.1299991607666,23.3400001525879,50.0299987792969,55.2000007629395,28.2000007629395,31.3999996185303,32.5499992370605,26.5400009155273,31.3999996185303,34.6500015258789,-6.05499982833862,-4.42000007629395,0.210000038146973,4.6899995803833,9.10500049591064,13.0299997329712,16.6800003051758,16.1450004577637,11.039999961853,4.82999992370605,-1.81000006198883,-6.94999980926514
"202",-101,47,"lat47_lon-101_id",10.8699998855591,11.4700002670288,18.4899997711182,26.3500003814697,67.6399993896484,82.8300018310547,71.8099975585938,48.7200012207031,39.0999984741211,32.4300003051758,16.6499996185303,11.1999998092651,-10.585000038147,-8.01500034332275,-1.63499999046326,6.375,12.7449998855591,17.8249988555908,21.2600002288818,20.4899997711182,14.6449995040894,7.07000017166138,-1.65000009536743,-8.75500011444092
"203",-99,47,"lat47_lon-99_id",12.039999961853,10.4399995803833,21.4400005340576,25.25,69.3600006103516,85.8899993896484,89.4100036621094,57.060001373291,54.1800003051758,40.3899993896484,16.4899997711182,11.7700004577637,-12.2299995422363,-9.29500007629395,-2.78999996185303,5.82500028610229,12.7749996185303,17.8649997711182,20.9300003051758,20.1949996948242,14.4449996948242,6.90999984741211,-2.24499988555908,-9.80999946594238
"204",-97,47,"lat47_lon-97_id",15.7399997711182,13.5200004577637,28.4699993133545,31.2600002288818,75.9499969482422,102.139999389648,86.0999984741211,69.1100006103516,68.1800003051758,57.7700004577637,22.75,16.9599990844727,-12.8549995422363,-9.86000061035156,-2.54500007629395,6.53999996185303,13.7350006103516,18.9200000762939,21.4300003051758,20.5849990844727,15.0950002670288,7.60500001907349,-1.7849999666214,-9.80500030517578
"205",-95,47,"lat47_lon-95_id",16.5799999237061,13.3400001525879,30.6800003051758,47.1100006103516,79.0199966430664,104.790000915527,99.870002746582,82.0800018310547,76.8300018310547,68.6800003051758,29.9899997711182,17.7199993133545,-13.4549999237061,-10.6100006103516,-3.45500016212463,5.20000028610229,12.3149995803833,17.3549995422363,20.0599994659424,19.1649990081787,13.6700000762939,6.375,-2.50500011444092,-10.625
"206",-93,47,"lat47_lon-93_id",19.8899993896484,14.7299995422363,28.5400009155273,54.7700004577637,75.9499969482422,107.319999694824,102.23999786377,84.7600021362305,91.3000030517578,72.1800003051758,38.9700012207031,22.8099994659424,-12.6499996185303,-9.9350004196167,-3.18999981880188,4.82999992370605,11.460000038147,16.4799995422363,18.9099998474121,17.9899997711182,13.3349990844727,6.35500001907349,-1.89499998092651,-9.875
"207",-91,47,"lat47_lon-91_id",32.7599983215332,23.7199993133545,39.5499992370605,65.379997253418,79.620002746582,92.3399963378906,89.9599990844727,85.6600036621094,92.3199996948242,72.5400009155273,53.3199996948242,35.5400009155273,-8.75500011444092,-7.4350004196167,-2.57500004768372,3.25999999046326,8.38999938964844,13.3299999237061,17.7150001525879,18.125,13.9349994659424,7.23999977111816,0.605000019073486,-6
"208",-89,47,"lat47_lon-89_id",63.5,35.4199981689453,41.4799995422363,53.5499992370605,73.8399963378906,72.6999969482422,77.5199966430664,74.4100036621094,75.6999969482422,78.629997253418,62.6300010681152,64.5599975585938,-8.19499969482422,-7.29500007629395,-2.76999998092651,4.125,10.2100009918213,15.3899993896484,18.7049999237061,18.6399993896484,14.414999961853,7.80000019073486,1.08499991893768,-5.28499984741211
"211",-69,47,"lat47_lon-69_id",67.0599975585938,52.2900009155273,59.0699996948242,73.120002746582,79.5500030517578,103.269996643066,119.959999084473,102.879997253418,96.879997253418,99.7200012207031,87.4599990844727,78.5400009155273,-13.0150003433228,-10.9349994659424,-5.04500007629395,2.63499999046326,10.039999961853,15.3699998855591,17.935001373291,17.0100002288818,12.210000038147,5.60500001907349,-1.44999980926514,-8.69499969482422
